Timestamp,Airbnb and/or other listing URLs (one per line),Actual Address,Proof URLs (one per line),Longitude (Use map to autofill),Latitude (Use map to autofill),Notes (i.e. what picture to match between the listings),"Screenthots or other proof (reciepts, bookings, etc.)","Does this listing have a license?  If so, enter it here!","Credit (optional, can be private code or identifier you share later)",Any other notes? (please do not include personal details)
2026-10-04,"https://www.airbnb.com/rooms/1339192633249810200
https://www.airbnb.com/rooms/1339316902439358180
https://www.airbnb.com/rooms/1339330829161808500
https://www.airbnb.com/rooms/1339861447859412177
https://www.airbnb.com/rooms/1339892836990588662
https://www.airbnb.com/rooms/1339921654791048408
https://www.airbnb.com/rooms/1341313253053485724
https://www.airbnb.com/rooms/1341487166425608571
https://www.airbnb.com/rooms/1343612080755359566
https://www.airbnb.com/rooms/1343629286828212820
https://www.airbnb.com/rooms/1343649541477839052
https://www.airbnb.com/rooms/1344337890563360594
https://www.airbnb.com/rooms/1344349579614241814
https://www.airbnb.com/rooms/1344355576429920587
https://www.airbnb.com/rooms/1349280522333382060
https://www.airbnb.com/rooms/1350766747489912458
https://www.airbnb.com/rooms/1353715244324025356
https://www.airbnb.com/rooms/1365215109406958065
https://www.airbnb.com/rooms/1365223800447382854
https://www.airbnb.com/rooms/1373900249669284482
https://www.airbnb.com/rooms/1373917581320183636
https://www.airbnb.com/rooms/1380468890189658720
https://www.airbnb.com/rooms/1390570747823217290
https://www.airbnb.com/rooms/1405796953865301962
https://www.airbnb.com/rooms/1421829693190471740
https://www.airbnb.com/rooms/1422493533014470165
https://www.airbnb.com/rooms/1424634503703063830
https://www.airbnb.com/rooms/1480537662214165691
https://www.airbnb.com/rooms/1518287265840856656
https://www.airbnb.com/rooms/1671074165921282478
https://www.airbnb.com/rooms/1719012138183514629
https://www.airbnb.com/rooms/1721284212018385209","824 Camino La Costa, Austin, TX 78752","https://www.loopnet.com/Listing/824-Camino-La-Costa-Austin-TX/21390822/
https://www.zillow.com/apartments/austin-tx/centro-studio-homes/BMpggM/",-97.70314736733258,30.328916198403853,"User-supplied match for the numbered ATX Studio series by CHC Rentals. Building address, not an individual unit.",,,User supplied,
