CASE_NUMBER,STR_TYPE,PROP_ADDRESS,PROP_CITY,PROP_STATE,PROP_ZIP,COUNCIL_DISTRICT,block_id,mapped
2025-111199 OL,Short Term Rental Type 2 Residential,BLOCK OF 12000 D K RANCH RD,AUSTIN,TX,78759,10,12000 | 12099 | D K RANCH RD,False
2026-058500 OL,Short Term Rental Type 1,BLOCK OF 12000 FLINNWOOD CIR,AUSTIN,TX,78750,6,12000 | 12099 | FLINNWOOD CIR,False
2026-100229 OL,Short Term Rental Type 3,BLOCK OF 8900 TALLWOOD DR,AUSTIN,TX,78759,10,8900 | 8999 | TALLWOOD DR,False
2024-110210 OL,Short Term Rental Type 2 Residential,BLOCK OF 12000 OAK VIEW DR,AUSTIN,TX,78759,10,12000 | 12099 | OAK VIEW DR,False
2015-053324 OL,Short Term Rental Type 3,BLOCK OF 11000 MELLOW MEADOWS,AUSTIN,TX,78750,6,11000 | 11099 | MELLOW MEADOWS,False
2026-104560 OL,Short Term Rental Type 3,BLOCK OF 12000 CENTURY OAKS TER,AUSTIN,TX,78758,7,12000 | 12099 | CENTURY OAKS TER,False
2018-066656 OL,Short Term Rental Type 3,BLOCK OF 1800 SOUTH LAKESHORE BLVD,AUSTIN,TX,78741,3,1800 | 1899 | S LAKESHORE BLVD,False
2026-062300 OL,Short Term Rental Type 1,BLOCK OF 112000 HENNINGER ST,AUSTIN,TX,78702,3,112000 | 112099 | HENNINGER ST,False
2025-008464 OL,Short Term Rental Type 3,BLOCK OF 8900 TALLWOOD DR,AUSTIN,TX,78759,10,8900 | 8999 | TALLWOOD DR,False
2024-112010 OL,Short Term Rental Type 2 Residential,BLOCK OF 12000 HEATHROW DR,AUSTIN,TX,78759,10,12000 | 12099 | HEATHROW DR,False
2026-108316 OL,Short Term Rental Type 2 Residential,BLOCK OF 12000 GLENDA CT,AUSTIN,TX,78753,7,12000 | 12099 | GLENDA CT,False
2021-203211 OL,Short Term Rental Type 2 Residential,BLOCK OF 13000 MAGNOLIA MOUND TRL,AUSTIN,TX,78727,6,13000 | 13099 | MAGNOLIA MOUND TRL,False
2024-167723 OL,Short Term Rental Type 3,BLOCK OF 9000 NORTH PLZ,AUSTIN,TX,78753,4,9000 | 9099 | N PLZ,False
2019-141684 OL,Short Term Rental Type 1-Secondary,BLOCK OF 11000 MELLOW LN,AUSTIN,TX,78759,6,11000 | 11099 | MELLOW LN,False
2023-019497 OL,Short Term Rental Type 2 Residential,BLOCK OF 12000 LOCHRIDGE DR,AUSTIN,TX,78758,7,12000 | 12099 | LOCHRIDGE DR,False
2025-020154 OL,Short Term Rental Type 3,BLOCK OF 1800 SOUTH LAKESHORE BLVD,AUSTIN,TX,78741,3,1800 | 1899 | S LAKESHORE BLVD,False
2026-040667 OL,Short Term Rental Type 2 Residential,BLOCK OF 12000 GLEN FALLOCH CT,AUSTIN,TX,78754,1,12000 | 12099 | GLEN FALLOCH CT,False
2026-042731 OL,Short Term Rental Type 2 Residential,BLOCK OF 12000 TALLOW FIELD WAY,AUSTIN,TX,78758,7,12000 | 12099 | TALLOW FIELD WAY,False
2025-131007 OL,Short Term Rental Type 3,BLOCK OF 12000 CENTURY OAKS TER,AUSTIN,TX,78758,7,12000 | 12099 | CENTURY OAKS TER,False
2026-034211 OL,Short Term Rental Type 2 Residential,BLOCK OF 17000 SONOMA BREEZE DR,AUSTIN,TX,78653,1,17000 | 17099 | SONOMA BREEZE DR,False
2026-094246 OL,Short Term Rental Type 2 Residential,BLOCK OF 13000 CEDAR ST,AUSTIN,TX,78732,10,13000 | 13099 | CEDAR ST,False
2025-030012 OL,Short Term Rental Type 2 Residential,BLOCK OF 114000 GUNTER ST,AUSTIN,TX,78721,1,114000 | 114099 | GUNTER ST,False
2026-104905 OL,Short Term Rental Type 3,BLOCK OF 12000 CENTURY OAKS TER,AUSTIN,TX,78758,7,12000 | 12099 | CENTURY OAKS TER,False
2021-027840 OL,Short Term Rental Type 1,BLOCK OF 112000 HENNINGER ST,AUSTIN,TX,78702,3,112000 | 112099 | HENNINGER ST,False
2014-107842 OL,Short Term Rental Type 1,BLOCK OF 1800 SOUTH LAKESHORE BLVD,AUSTIN,TX,78741,3,1800 | 1899 | S LAKESHORE BLVD,False
2024-068647 OL,Short Term Rental Type 1,BLOCK OF 12000 SPOTTED HORSE DR,AUSTIN,TX,78759,7,12000 | 12099 | SPOTTED HORSE DR,False
2021-204717 OL,Short Term Rental Type 1,BLOCK OF 632000 EL MIRANDO ST,AUSTIN,TX,78741,3,632000 | 632099 | EL MIRANDO ST,False
2025-113801 OL,Short Term Rental Type 3,BLOCK OF 12000 CENTURY OAKS TER,AUSTIN,TX,78758,7,12000 | 12099 | CENTURY OAKS TER,False
2026-057885 OL,Short Term Rental Type 1,BLOCK OF 14000 HARRISGLENN DR,PFLUGERVILLE,TX,78660,7,14000 | 14099 | HARRISGLENN DR,False
2026-055393 OL,Short Term Rental Type 1,BLOCK OF 11000 NATCHES TRCE,AUSTIN,TX,78717,6,11000 | 11099 | NATCHES TRCE,False
2024-048520 OL,Short Term Rental Type 2 Residential,BLOCK OF 13000 HUGHES ST,AUSTIN,TX,78732,10,13000 | 13099 | HUGHES ST,False
2025-156168 OL,Short Term Rental Type 2 Residential,BLOCK OF 12000 BROOKWOOD CIR,AUSTIN,TX,78750,6,12000 | 12099 | BROOKWOOD CIR,False
2024-153049 OL,Short Term Rental Type 2 Residential,BLOCK OF 13000 LIMERICK AVE,AUSTIN,TX,78727,7,13000 | 13099 | LIMERICK AVE,False
2024-156067 OL,Short Term Rental Type 2 Residential,BLOCK OF 13000 ARROWHEAD PASS,AUSTIN,TX,78729,6,13000 | 13099 | ARROWHEAD PASS,False
2025-137635 OL,Short Term Rental Type 3,BLOCK OF 12000 CENTURY OAKS TER,AUSTIN,TX,78758,7,12000 | 12099 | CENTURY OAKS TER,False
2026-092516 OL,Short Term Rental Type 2 Residential,BLOCK OF 12000 FEBRUARY DR,AUSTIN,TX,78753,1,12000 | 12099 | FEBRUARY DR,False
2021-026344 OL,Short Term Rental Type 2 Residential,BLOCK OF 1600 OLD EAST RIVERSIDE DR,AUSTIN,TX,78741,9,1600 | 1699 | OLD E RIVERSIDE DR,False
2026-050379 OL,Short Term Rental Type 3,BLOCK OF 12000 CENTURY OAKS TER,AUSTIN,TX,78758,7,12000 | 12099 | CENTURY OAKS TER,False
2026-027391 OL,Short Term Rental Type 2 Residential,BLOCK OF 1200 BEDFORD ST,AUSTIN,TX,78702,1,1200 | 1299 | BEDFORD ST,False
2025-126062 OL,Short Term Rental Type 1,BLOCK OF 12000 SUNHILLOW BND,AUSTIN,TX,78758,7,12000 | 12099 | SUNHILLOW BND,False
2023-162124 OL,Short Term Rental Type 2 Residential,BLOCK OF 1200 BEDFORD ST,AUSTIN,TX,78702,1,1200 | 1299 | BEDFORD ST,False
2025-048969 OL,Short Term Rental Type 2 Commercial,BLOCK OF 11000 SPEEDWAGON RUN,AUSTIN,TX,78754,1,11000 | 11099 | SPEEDWAGON RUN,False
2026-033346 OL,Short Term Rental Type 3,BLOCK OF 1800 SOUTH LAKESHORE BLVD,AUSTIN,TX,78741,3,1800 | 1899 | S LAKESHORE BLVD,False
2016-006653 OL,Short Term Rental Type 1-A,BLOCK OF 1200 BEDFORD ST,AUSTIN,TX,78702,1,1200 | 1299 | BEDFORD ST,False
2022-055278 OL,Short Term Rental Type 1,BLOCK OF 13000 PARK DR,AUSTIN,TX,78732,10,13000 | 13099 | PARK DR,False
2026-063436 OL,Short Term Rental Type 2 Residential,BLOCK OF 12000 NATRONA DR,AUSTIN,TX,78759,6,12000 | 12099 | NATRONA DR,False
2025-027990 OL,Short Term Rental Type 2 Residential,BLOCK OF 13000 PARK DR,AUSTIN,TX,78732,10,13000 | 13099 | PARK DR,False
2024-131944 OL,Short Term Rental Type 1,BLOCK OF 13000 ARROWHEAD PASS,AUSTIN,TX,78729,6,13000 | 13099 | ARROWHEAD PASS,False
2022-080507 OL,Short Term Rental Type 3,BLOCK OF 1800 SOUTH LAKESHORE BLVD,AUSTIN,TX,78741,3,1800 | 1899 | S LAKESHORE BLVD,False
2024-015184 OL,Short Term Rental Type 2 Residential,BLOCK OF 114000 GUNTER ST,AUSTIN,TX,78721,3,114000 | 114099 | GUNTER ST,False
2026-009915 OL,Short Term Rental Type 2 Residential,BLOCK OF 12000 TALLOW FIELD WAY,AUSTIN,TX,78758,7,12000 | 12099 | TALLOW FIELD WAY,False
2026-066287 OL,Short Term Rental Type 2 Residential,BLOCK OF 15000 RIDGETOP TER,AUSTIN,TX,78732,10,15000 | 15099 | RIDGETOP TER,False
2023-003693 OL,Short Term Rental Type 2 Residential,BLOCK OF 14000 BULLICK HOLLOW RD,AUSTIN,TX,78732,10,14000 | 14099 | BULLICK HOLLOW RD,False
2025-004703 OL,Short Term Rental Type 2 Commercial,BLOCK OF 13000 LUCIDA LN,AUSTIN,TX,78753,1,13000 | 13099 | LUCIDA LN,False
2026-101731 OL,Short Term Rental Type 2 Residential,BLOCK OF 13000 TREE LINE DR,AUSTIN,TX,78729,6,13000 | 13099 | TREE LINE DR,False
2023-011040 OL,Short Term Rental Type 1,BLOCK OF 11000 SIERRA OAKS,AUSTIN,TX,78759,10,11000 | 11099 | SIERRA OAKS,False
2024-088718 OL,Short Term Rental Type 2 Residential,BLOCK OF 12000 SNOW FINCH RD,AUSTIN,TX,78758,7,12000 | 12099 | SNOW FINCH RD,False
2026-123656 OL,Short Term Rental Type 2 Residential,BLOCK OF 12000 ALOE VERA TRL,AUSTIN,TX,78750,6,12000 | 12099 | ALOE VERA TRL,False
2026-020782 OL,Short Term Rental Type 3,BLOCK OF 12000 CENTURY OAKS TER,AUSTIN,TX,78758,7,12000 | 12099 | CENTURY OAKS TER,False
2026-070582 OL,Short Term Rental Type 1,BLOCK OF 12000 HORNSBY ST,AUSTIN,TX,78753,7,12000 | 12099 | HORNSBY ST,False
2021-190787 OL,Short Term Rental Type 3,BLOCK OF 1800 SOUTH LAKESHORE BLVD,AUSTIN,TX,78741,3,1800 | 1899 | S LAKESHORE BLVD,False
2026-051093 OL,Short Term Rental Type 3,BLOCK OF 8900 TALLWOOD DR,AUSTIN,TX,78759,10,8900 | 8999 | TALLWOOD DR,False
2026-118974 OL,Short Term Rental Type 2 Residential,BLOCK OF 16000 PEWTER LUSTER CV,AUSTIN,TX,78617,2,16000 | 16099 | PEWTER LUSTER CV,False
2026-065401 OL,Short Term Rental Type 2 Residential,BLOCK OF 13000 LIMERICK AVE,AUSTIN,TX,78727,7,13000 | 13099 | LIMERICK AVE,False
2026-001179 OL,Short Term Rental Type 2 Residential,BLOCK OF 13000 CORTARO CV,AUSTIN,TX,78729,6,13000 | 13099 | CORTARO CV,False
2025-112692 OL,Short Term Rental Type 2 Residential,BLOCK OF 14000 WILLIAM KENNEDY DR,AUSTIN,TX,78727,7,14000 | 14099 | WILLIAM KENNEDY DR,False
2026-110798 OL,Short Term Rental Type 2 Residential,BLOCK OF 13000 SKY HARBOR DR,AUSTIN,TX,78617,2,13000 | 13099 | SKY HARBOR DR,False
2026-096724 OL,Short Term Rental Type 1,BLOCK OF 13000 TIMBER HEIGHTS DR,AUSTIN,TX,78754,1,13000 | 13099 | TIMBER HEIGHTS DR,False
2024-001456 OL,Short Term Rental Type 2 Residential,BLOCK OF 11000 LITTLE PEBBLE DR,AUSTIN,TX,78758,4,11000 | 11099 | LITTLE PEBBLE DR,False
2023-109961 OL,Short Term Rental Type 2 Residential,BLOCK OF 12000 NATRONA DR,AUSTIN,TX,78759,6,12000 | 12099 | NATRONA DR,False
2023-007114 OL,Short Term Rental Type 2 Residential,BLOCK OF 14000 BULLICK HOLLOW RD,AUSTIN,TX,78732,10,14000 | 14099 | BULLICK HOLLOW RD,False
2025-052632 OL,Short Term Rental Type 2 Residential,BLOCK OF 114000 GUNTER ST,AUSTIN,TX,78721,1,114000 | 114099 | GUNTER ST,False
2025-155968 OL,Short Term Rental Type 2 Residential,BLOCK OF 12000 MURCIA DR,AUSTIN,TX,78759,7,12000 | 12099 | MURCIA DR,False
2024-147812 OL,Short Term Rental Type 2 Residential,BLOCK OF 12000 EUBANK DR,AUSTIN,TX,78758,7,12000 | 12099 | EUBANK DR,False
2026-097095 OL,Short Term Rental Type 2 Residential,BLOCK OF 12000 JUNE DR,AUSTIN,TX,78753,1,12000 | 12099 | JUNE DR,False
2022-065890 OL,Short Term Rental Type 3,BLOCK OF 1800 SOUTH LAKESHORE BLVD,AUSTIN,TX,78741,3,1800 | 1899 | S LAKESHORE BLVD,False
2026-036432 OL,Short Term Rental Type 1,BLOCK OF 12000 OAK HAVEN CV,AUSTIN,TX,78753,1,12000 | 12099 | OAK HAVEN CV,False
2025-120804 OL,Short Term Rental Type 2 Residential,BLOCK OF 12000 MEADOWFIRE DR,AUSTIN,TX,78758,7,12000 | 12099 | MEADOWFIRE DR,False
2026-091704 OL,Short Term Rental Type 1,BLOCK OF 13000 TOMANET TRL,AUSTIN,TX,78727,7,13000 | 13099 | TOMANET TRL,False
2026-040538 OL,Short Term Rental Type 2 Residential,BLOCK OF 12000 PRAIRIE HEN LN,AUSTIN,TX,78758,7,12000 | 12099 | PRAIRIE HEN LN,False
2025-025749 OL,Short Term Rental Type 1,BLOCK OF 1800 SOUTH LAKESHORE BLVD,AUSTIN,TX,78741,3,1800 | 1899 | S LAKESHORE BLVD,False
2023-063482 OL,Short Term Rental Type 1,BLOCK OF 11000 MERIS LN,AUSTIN,TX,78754,1,11000 | 11099 | MERIS LN,False
2024-138946 OL,Short Term Rental Type 2 Residential,BLOCK OF 11000 DENELL CIR,AUSTIN,TX,78753,1,11000 | 11099 | DENELL CIR,False
2026-034123 OL,Short Term Rental Type 2 Residential,BLOCK OF 12000 SEA LION CV,AUSTIN,TX,78754,1,12000 | 12099 | SEA LION CV,False
