tile_id,status,listing_count,mapped_permits_min,mapped_permits_max,difference_min,difference_max
282b56d2069b08d7,complete,192,0,0,-192,-192
b76f1521bd023fed,complete,234,0,0,-234,-234
429dd17f30e32944,complete,103,0,0,-103,-103
eedb90991d660234,complete,157,0,0,-157,-157
f1c86ffaa4fb7028,complete,32,0,0,-32,-32
9362bf383cc37101,error,198,0,0,,
535f0126e8a0f1fb,complete,120,0,0,-120,-120
a2000073a41e1dde,complete,199,4,4,-195,-195
dc9e55e981acd208,complete,233,15,31,-218,-202
c43756de973445eb,complete,225,0,0,-225,-225
43d3e99dc0bca234,complete,235,27,29,-208,-206
63555b2cd5e5f451,complete,48,14,15,-34,-33
84e8e88db63fd000,complete,141,12,12,-129,-129
da63c8a40ca474a0,complete,133,1,2,-132,-131
2e8a6af244795aa0,complete,130,17,19,-113,-111
154ad67354f11cfd,complete,162,27,33,-135,-129
60c309adc365d568,complete,101,21,24,-80,-77
b726029dfda862dc,complete,91,0,0,-91,-91
c9c16262ad9ee394,complete,169,52,56,-117,-113
80b23302c06d3ff8,complete,125,7,9,-118,-116
fb9196e8206152e8,complete,129,0,0,-129,-129
903a0206b183f42c,complete,133,37,39,-96,-94
4030c9cbe2cf0545,complete,99,18,18,-81,-81
c5f1f4137a4a9e5f,complete,25,0,0,-25,-25
f26cf93bd2923429,complete,45,0,0,-45,-45
a5f96d7a9141c9c5,complete,127,2,2,-125,-125
8e94ecb9fbdfcd58,complete,83,19,22,-64,-61
e87c9ef63cb1e9c0,complete,57,13,15,-44,-42
336e9292d482debc,complete,45,5,6,-40,-39
a082e759e68716ec,complete,71,0,0,-71,-71
810ee1531e70207f,complete,146,0,0,-146,-146
35fa401c746ca6c0,complete,81,18,18,-63,-63
44756144508a4fdc,complete,173,2,2,-171,-171
e50acd24fc87918f,complete,155,0,0,-155,-155
c7627fdc6e13ca50,complete,66,0,0,-66,-66
54bf47f9a9f9591b,complete,68,20,20,-48,-48
67217d618a5d22ac,complete,136,16,38,-120,-98
ba607b331317a1c2,complete,150,35,38,-115,-112
2690092ef7dbd97a,complete,179,3,4,-176,-175
f02c6a551944808e,complete,161,0,0,-161,-161
ff2e2f2ac15ca766,complete,82,0,0,-82,-82
d48693b5e1d3e8d0,complete,48,8,17,-40,-31
91f80e21b2720ae9,complete,171,49,62,-122,-109
43ad02e2ab72c5ab,complete,156,50,58,-106,-98
08d29b6eba83924e,complete,148,25,26,-123,-122
d5f678ff18c167f4,complete,87,34,38,-53,-49
106c13db70dc6ad2,complete,90,16,17,-74,-73
6e1d5cfe6129af85,complete,142,60,69,-82,-73
c8a4f4dac748a11c,complete,21,2,3,-19,-18
e2c59e683b0b947f,complete,130,39,47,-91,-83
44445eaecf4b01a7,complete,130,46,54,-84,-76
a2e586230236e54f,complete,95,42,52,-53,-43
2aa649a403bf8561,complete,10,2,2,-8,-8
685566f649e5e0f8,complete,105,42,48,-63,-57
65f9fccf8231ed6c,complete,224,69,77,-155,-147
21814af34f7923d4,complete,181,48,56,-133,-125
23ce71c0e872aeb2,complete,11,2,2,-9,-9
44d9da5278cbe21d,complete,52,10,10,-42,-42
696cbac688822880,complete,93,25,29,-68,-64
3b342d1f5735cd98,complete,77,23,29,-54,-48
7ef780bc80187f1d,complete,116,32,34,-84,-82
880b5b004e0fa030,complete,88,21,21,-67,-67
9f9751ff268930eb,complete,40,8,8,-32,-32
e8782790d83b128e,complete,58,15,26,-43,-32
94b32fb516e196da,complete,63,24,32,-39,-31
68e935b3f3252919,complete,66,25,30,-41,-36
5985021301472b86,complete,35,9,13,-26,-22
eb1471ed78ab749b,complete,95,56,59,-39,-36
55776d2266c34988,complete,165,41,51,-124,-114
eb65df5ffef1617c,complete,171,42,49,-129,-122
66a35c364fe6569b,complete,51,19,20,-32,-31
c84ac529a2614831,complete,22,6,6,-16,-16
297eead43d616291,complete,54,29,39,-25,-15
c865c424d17f7b0e,complete,168,75,86,-93,-82
bb10c42bfdf598f5,complete,212,70,78,-142,-134
837b70052d42832a,complete,212,63,77,-149,-135
a7b5463003c764e9,complete,124,30,50,-94,-74
6d85faebc415c437,complete,51,25,28,-26,-23
ae82b438fee7dbac,complete,163,38,50,-125,-113
321c11534362e0b8,complete,95,32,46,-63,-49
8ac36e5e5b365fbe,complete,53,27,34,-26,-19
718c365cb463c4e8,complete,236,81,107,-155,-129
5a96b9b384319e35,complete,177,63,80,-114,-97
101bc2e893930465,complete,7,3,5,-4,-2
7d1c1a74af2ed711,complete,241,40,63,-201,-178
3349b2481b61c8f3,complete,173,47,89,-126,-84
7711bbb030c61e40,complete,164,39,86,-125,-78
712d981c2e050397,complete,61,27,31,-34,-30
7bef8362a4961e1a,complete,49,18,22,-31,-27
543e9a86521c8069,complete,158,66,82,-92,-76
eba8a338a76d4053,complete,231,74,107,-157,-124
061e98e000b13da1,complete,115,23,37,-92,-78
40631cd147f8a129,complete,82,24,30,-58,-52
fe70c054b4052a82,complete,54,20,24,-34,-30
d7c2f3df792bcf73,complete,164,68,82,-96,-82
cd287aed30a18601,complete,218,80,99,-138,-119
4cf4f4bb1acc8ed5,complete,102,21,29,-81,-73
d19f7d9308d25451,complete,60,27,33,-33,-27
7777f1bcedb2b6da,complete,120,70,80,-50,-40
5d1fd3a4027bee5a,complete,106,65,71,-41,-35
fd22e737d117c2e3,complete,71,25,32,-46,-39
568fde327f10241e,complete,51,21,27,-30,-24
cd95f6d51d89c477,complete,72,31,39,-41,-33
db9f6b5acf125500,complete,95,29,41,-66,-54
edf76769f35f74fb,complete,95,28,40,-67,-55
94078081e37b80cc,complete,67,9,18,-58,-49
8cdede48d7eb22f6,complete,110,7,14,-103,-96
8657c7197f238b9f,complete,83,7,16,-76,-67
d6f3f9ef2100d64c,complete,94,34,53,-60,-41
fd5cf67d35ae18cc,complete,89,37,53,-52,-36
0c57ea4d301aeb29,complete,62,13,25,-49,-37
e502a19eacf55572,complete,41,16,23,-25,-18
1df059d2203041fc,complete,111,8,11,-103,-100
18f109aaa1220e54,complete,116,5,10,-111,-106
2ae3ad402a13e7c3,complete,83,5,15,-78,-68
6775340cd15ee995,complete,101,39,52,-62,-49
064490ad29d586dd,complete,96,44,52,-52,-44
065a1c8a307ab68b,complete,46,15,24,-31,-22
4c98538ebd1fd325,complete,195,48,58,-147,-137
20ad9285a2824166,complete,88,59,75,-29,-13
5884626738b991b8,complete,169,88,111,-81,-58
331c4e7c02317b89,complete,165,86,100,-79,-65
4eb7b90e603ba26d,complete,85,38,49,-47,-36
335f9514cf5e2f53,complete,10,0,6,-10,-4
8bc41283a47cd992,complete,59,20,35,-39,-24
b95dda5fbb060cf4,complete,94,17,36,-77,-58
9aa6169a953640d3,complete,248,202,226,-46,-22
89f010b8987689f4,complete,219,86,166,-133,-53
d22dcec058324c47,complete,215,83,158,-132,-57
7dd6cdcacc4a2e7c,complete,124,47,57,-77,-67
09e9c946dc0d3ca9,complete,72,24,37,-48,-35
c061cfbb65db5769,complete,226,102,132,-124,-94
8551835e2e40d119,complete,170,94,131,-76,-39
51ea17e603f9ee1c,complete,164,69,97,-95,-67
bb7ee990a287da3c,complete,189,99,175,-90,-14
a7348c4206da722a,complete,177,94,172,-83,-5
816c2d2e0c5656e4,complete,66,27,41,-39,-25
08ee779a0734dd14,complete,80,22,40,-58,-40
04c3573d754eac54,complete,203,58,95,-145,-108
60419b89f1d29bd7,complete,173,95,121,-78,-52
f47e4c08e4a16556,complete,195,95,131,-100,-64
3d2c818abe2249d5,complete,152,83,108,-69,-44
678e23b2abc03e43,complete,150,48,92,-102,-58
1bbe89edba14aefd,complete,179,22,32,-157,-147
f0e017941428550e,complete,108,31,54,-77,-54
a33d0f879c075f13,complete,98,43,57,-55,-41
bbec12186a172633,complete,80,32,59,-48,-21
d6f573b5a27ca08d,complete,93,20,66,-73,-27
a5517f91246e91f6,complete,103,40,47,-63,-56
38e3d2632e632070,complete,25,8,10,-17,-15
4617872e8d7c0ab6,complete,76,21,21,-55,-55
429824d3f7272093,complete,76,21,21,-55,-55
b53bdfe4189657e9,complete,7,0,0,-7,-7
3d42390024259f70,complete,64,12,27,-52,-37
49215c0495a9ed0c,complete,5,0,0,-5,-5
b1e907b224fde0fb,complete,35,1,15,-34,-20
c9b879055e77102f,complete,78,0,10,-78,-68
f36bc4b2550686e6,complete,51,0,4,-51,-47
2180db524a30dec7,complete,30,56,83,26,53
a050a398e0d0dfaa,complete,34,65,83,31,49
f1fea69c15df8141,complete,72,32,47,-40,-25
dcbedbc07b7f7c26,complete,42,6,10,-36,-32
7dd765c3b9b8883e,complete,161,60,80,-101,-81
2226d336f25e7258,complete,92,37,119,-55,27
6bfd978776c0524a,complete,26,6,20,-20,-6
025edd075b698f72,complete,16,1,5,-15,-11
db0cd2a8699f67c4,complete,16,1,5,-15,-11
de9d5becafb63d52,complete,1,0,0,-1,-1
f12364bd4ecb057f,complete,41,0,0,-41,-41
9528cc08310106af,complete,44,0,0,-44,-44
65a601040ee4c0fb,complete,81,0,43,-81,-38
fe2fb0577c9a23ac,complete,83,0,43,-83,-40
845d377e60ba061b,complete,32,10,10,-22,-22
7c4123029902fd2e,complete,11,0,0,-11,-11
950349adfc60b477,complete,21,7,11,-14,-10
3503fa3734d6093f,complete,174,0,0,-174,-174
eb1fc7ea88ffd02f,complete,197,4,5,-193,-192
34af39a49490f125,complete,29,0,0,-29,-29
3430596116e1fa7f,complete,36,0,1,-36,-35
45a0cbb89a5a315e,complete,72,0,1,-72,-71
3891a592dffb004a,complete,43,0,0,-43,-43
809a6423b11d49d7,complete,51,0,1,-51,-50
14c487beaf0076e3,complete,92,0,1,-92,-91
1c1f185ab4ddd346,complete,116,5,5,-111,-111
5acd800947f9bd45,complete,211,5,52,-206,-159
729681bee84bf65c,complete,249,47,47,-202,-202
